larviposition_id,name,adults_id,wet_weight,abortion_stage,abortion,timeToLarv,larvNum,timeBetLarv,mAgeDays,parity,sex,sexN
1,control,77,32.3,0,0,17,1,17,17,first,NA,NA
2,control,23,28.3,0,0,18,1,18,18,first,m,1
3,control,36,30,0,0,18,1,18,18,first,f,0
4,control,61,29,0,0,18,1,18,18,first,m,1
5,control,67,29.8,0,0,18,1,18,18,first,f,0
6,nutrition,113,25.2,0,0,18,1,18,18,first,m,1
7,nutrition,123,23.5,0,0,18,1,18,18,first,m,1
8,nutrition,124,25.8,0,0,18,1,18,18,first,f,0
9,nutrition,158,23.8,0,0,18,1,18,18,first,f,0
10,nutrition,161,28.7,0,0,18,1,18,18,first,f,0
11,nutrition,173,23.6,0,0,18,1,18,18,first,m,1
12,nutrition,132,22.8,0,0,19,1,19,19,first,m,1
13,control,27,29.6,0,0,19,1,19,19,first,m,1
14,control,53,28.1,0,0,19,1,19,19,first,m,1
15,nutrition,128,25.2,0,0,19,1,19,19,first,m,1
16,nutrition,142,20.1,0,0,19,1,19,19,first,NA,NA
17,nutrition,104,NA,1,1,19,1,19,19,first,NA,NA
18,nutrition,138,NA,1,1,19,1,19,19,first,NA,NA
19,control,4,30.9,0,0,20,1,20,20,first,f,0
20,control,21,28.7,0,0,20,1,20,20,first,f,0
21,control,11,30,0,0,20,1,20,20,first,NA,NA
22,control,12,26.7,0,0,20,1,20,20,first,f,0
23,control,17,27,0,0,20,1,20,20,first,NA,NA
24,control,32,30.6,0,0,20,1,20,20,first,m,1
25,control,34,30.6,0,0,20,1,20,20,first,NA,NA
26,control,39,31.7,0,0,20,1,20,20,first,NA,NA
27,control,40,32.5,0,0,20,1,20,20,first,m,1
28,control,41,25.1,0,0,20,1,20,20,first,m,1
29,control,43,27.5,0,0,20,1,20,20,first,f,0
30,control,48,26,0,0,20,1,20,20,first,NA,NA
31,control,55,28.3,0,0,20,1,20,20,first,NA,NA
32,control,63,27.9,0,0,20,1,20,20,first,m,1
33,control,69,28.8,0,0,20,1,20,20,first,m,1
34,control,73,32.4,0,0,20,1,20,20,first,m,1
35,control,78,30.5,0,0,20,1,20,20,first,NA,NA
36,control,81,29.1,0,0,20,1,20,20,first,m,1
37,control,85,27.5,0,0,20,1,20,20,first,NA,NA
38,control,86,28.5,0,0,20,1,20,20,first,NA,NA
39,control,87,25.8,0,0,20,1,20,20,first,m,1
40,control,89,33.8,0,0,20,1,20,20,first,m,1
41,control,91,33.2,0,0,20,1,20,20,first,NA,NA
42,nutrition,137,22.7,0,0,20,1,20,20,first,NA,NA
43,nutrition,140,23.2,0,0,20,1,20,20,first,f,0
44,nutrition,141,21,0,0,20,1,20,20,first,f,0
45,nutrition,152,24.5,0,0,20,1,20,20,first,m,1
46,nutrition,169,21.4,0,0,20,1,20,20,first,m,1
47,nutrition,174,23.1,0,0,20,1,20,20,first,f,0
48,nutrition,176,23.2,0,0,20,1,20,20,first,f,0
49,nutrition,177,22.3,0,0,20,1,20,20,first,m,1
50,nutrition,178,25.6,0,0,20,1,20,20,first,f,0
51,nutrition,181,22.3,0,0,20,1,20,20,first,m,1
52,nutrition,187,23.2,0,0,20,1,20,20,first,f,0
53,nutrition,107,22.2,0,0,20,1,20,20,first,m,1
54,nutrition,108,27.2,0,0,20,1,20,20,first,NA,NA
55,nutrition,111,26.4,0,0,20,1,20,20,first,m,1
56,nutrition,120,21.7,0,0,20,1,20,20,first,m,1
57,nutrition,127,26.9,0,0,20,1,20,20,first,m,1
58,nutrition,129,20.5,0,0,20,1,20,20,first,NA,NA
59,nutrition,133,24.7,0,0,20,1,20,20,first,m,1
60,nutrition,130,20.8,0,0,20,1,20,20,first,NA,NA
61,nutrition,145,25.9,0,0,20,1,20,20,first,f,0
62,nutrition,102,NA,3,1,20,1,20,20,first,NA,NA
63,control,6,24.9,0,0,21,1,21,21,first,NA,NA
64,control,9,27.3,0,0,21,1,21,21,first,m,1
65,control,10,25.3,0,0,21,1,21,21,first,m,1
66,control,30,31,0,0,21,1,21,21,first,m,1
67,control,31,31,0,0,21,1,21,21,first,f,0
68,control,44,28.5,0,0,21,1,21,21,first,NA,NA
69,control,45,26.1,0,0,21,1,21,21,first,NA,NA
70,control,46,25.5,0,0,21,1,21,21,first,NA,NA
71,control,52,28,0,0,21,1,21,21,first,f,0
72,control,54,31.9,0,0,21,1,21,21,first,NA,NA
73,control,68,22.8,0,0,21,1,21,21,first,m,1
74,control,74,29.4,0,0,21,1,21,21,first,NA,NA
75,nutrition,98,20.6,0,0,21,1,21,21,first,m,1
76,nutrition,103,27.7,0,0,21,1,21,21,first,NA,NA
77,nutrition,109,19,0,0,21,1,21,21,first,m,1
78,nutrition,110,25.1,0,0,21,1,21,21,first,NA,NA
79,nutrition,112,NA,0,0,21,1,21,21,first,NA,NA
80,nutrition,136,23.4,0,0,21,1,21,21,first,NA,NA
81,nutrition,147,26.3,0,0,21,1,21,21,first,NA,NA
82,nutrition,162,17.5,0,0,21,1,21,21,first,NA,NA
83,nutrition,172,27.8,0,0,21,1,21,21,first,NA,NA
84,nutrition,175,21.8,0,0,21,1,21,21,first,m,1
85,nutrition,186,25.6,0,0,21,1,21,21,first,f,0
86,nutrition,188,23.7,0,0,21,1,21,21,first,NA,NA
87,nutrition,116,NA,3,1,21,1,21,21,first,NA,NA
88,control,1,29.3,0,0,22,1,22,22,first,f,0
89,control,2,26.2,0,0,22,1,22,22,first,m,1
90,control,3,32.1,0,0,23,1,23,23,first,m,1
91,control,8,27.2,0,0,22,1,22,22,first,NA,NA
92,control,18,32.6,0,0,23,1,23,23,first,m,1
93,control,19,24.9,0,0,22,1,22,22,first,f,0
94,control,22,23,0,0,23,1,23,23,first,NA,NA
95,control,24,28.4,0,0,23,1,23,23,first,NA,NA
96,control,28,28.9,0,0,23,1,23,23,first,m,1
97,control,35,25,0,0,22,1,22,22,first,m,1
98,control,47,21.1,0,0,23,1,23,23,first,m,1
99,control,49,26.9,0,0,22,1,22,22,first,NA,NA
100,control,50,26.9,0,0,22,1,22,22,first,NA,NA
101,control,56,26.8,0,0,24,1,24,24,first,f,0
102,control,58,31.9,0,0,24,1,24,24,first,NA,NA
103,control,59,31.3,0,0,23,1,23,23,first,NA,NA
104,control,60,30.4,0,0,24,1,24,24,first,f,0
105,control,64,31.1,0,0,22,1,22,22,first,NA,NA
106,control,65,32,0,0,23,1,23,23,first,m,1
107,control,66,26.5,0,0,23,1,23,23,first,NA,NA
108,control,75,29.4,0,0,23,1,23,23,first,f,0
109,control,79,20.5,0,0,22,1,22,22,first,NA,NA
110,control,83,31.6,0,0,24,1,24,24,first,NA,NA
111,control,88,33.2,0,0,22,1,22,22,first,NA,NA
112,control,93,27.3,0,0,22,1,22,22,first,m,1
113,control,20,NA,3,1,24,1,24,24,first,NA,NA
114,control,84,NA,2,1,24,1,24,24,first,NA,NA
115,control,16,NA,3,1,24,1,24,24,first,NA,NA
116,nutrition,101,25.2,0,0,24,1,24,24,first,NA,NA
117,nutrition,105,19,0,0,23,1,23,23,first,NA,NA
118,nutrition,115,21.8,0,0,24,1,24,24,first,NA,NA
119,nutrition,119,23.2,0,0,22,1,22,22,first,NA,NA
120,nutrition,131,24.6,0,0,23,1,23,23,first,NA,NA
121,nutrition,146,21.3,0,0,24,1,24,24,first,m,1
122,nutrition,149,24.2,0,0,24,1,24,24,first,m,1
123,nutrition,151,20.5,0,0,23,1,23,23,first,f,0
124,nutrition,157,24,0,0,23,1,23,23,first,f,0
125,nutrition,160,22.9,0,0,24,1,24,24,first,NA,NA
126,nutrition,163,27.3,0,0,22,1,22,22,first,f,0
127,nutrition,182,25,0,0,22,1,22,22,first,NA,NA
128,nutrition,184,23.7,0,0,22,1,22,22,first,m,1
129,nutrition,139,NA,0,0,24,1,24,24,first,NA,NA
130,nutrition,118,NA,0,0,24,1,24,24,first,NA,NA
131,control,57,26.1,0,0,25,1,25,25,first,f,0
132,control,62,21,0,0,25,1,25,25,first,m,1
133,control,71,28.5,0,0,25,1,25,25,first,m,1
134,control,72,28.4,0,0,25,1,25,25,first,NA,NA
135,control,80,27.4,0,0,25,1,25,25,first,f,0
136,control,42,28.4,0,0,25,1,25,25,first,m,1
137,control,13,NA,0,0,25,1,25,25,first,NA,NA
138,control,96,26.4,0,0,25,1,25,25,first,m,1
139,nutrition,122,24.1,0,0,25,1,25,25,first,m,1
140,nutrition,165,23.6,0,0,25,1,25,25,first,f,0
141,nutrition,125,NA,3,1,25,1,25,25,first,NA,NA
142,control,29,31.7,0,0,26,1,26,26,first,m,1
143,nutrition,150,28.7,0,0,26,1,26,26,first,m,1
144,control,25,28.1,0,0,27,1,27,27,first,m,1
145,control,26,27.4,0,0,27,1,27,27,first,NA,NA
146,control,77,35.1,0,0,27,2,10,27,subsequent,f,0
147,nutrition,121,18.8,0,0,27,1,27,27,first,m,1
148,nutrition,138,23,0,0,27,2,8,27,subsequent,m,1
149,nutrition,180,23.1,0,0,27,1,27,27,first,f,0
150,control,23,29.3,0,0,28,2,10,28,subsequent,m,1
151,control,67,32.9,0,0,28,2,10,28,subsequent,m,1
152,control,94,23.9,0,0,28,1,28,28,first,f,0
153,nutrition,113,25.1,0,0,28,2,10,28,subsequent,f,0
154,nutrition,123,26.3,0,0,28,2,10,28,subsequent,f,0
155,nutrition,153,28.1,0,0,28,1,28,28,first,f,0
156,nutrition,167,28.2,0,0,28,1,28,28,first,f,0
157,nutrition,189,NA,3,1,28,1,28,28,first,NA,NA
158,control,90,22.2,0,0,22,1,22,22,first,f,0
159,control,5,31.7,0,0,31,1,31,31,first,NA,NA
160,control,6,33.3,0,0,31,2,10,31,subsequent,NA,NA
161,control,12,32.5,0,0,30,2,10,30,subsequent,NA,NA
162,control,16,31,0,0,31,2,7,31,subsequent,m,1
163,control,17,28.1,0,0,31,2,11,31,subsequent,m,1
164,control,21,35.4,0,0,30,2,10,30,subsequent,NA,NA
165,control,27,33.4,0,0,31,2,12,31,subsequent,NA,NA
166,control,31,32.9,0,0,31,2,10,31,subsequent,m,1
167,control,32,37.2,0,0,31,2,11,31,subsequent,f,0
168,control,34,32.8,0,0,30,2,10,30,subsequent,NA,NA
169,control,36,28.7,0,0,29,2,11,29,subsequent,m,1
170,control,40,35.7,0,0,31,2,11,31,subsequent,NA,NA
171,control,41,31.7,0,0,31,2,11,31,subsequent,m,1
172,control,43,33.4,0,0,31,2,11,31,subsequent,m,1
173,control,46,34.3,0,0,31,2,10,31,subsequent,m,1
174,control,52,NA,0,0,31,2,10,31,subsequent,NA,NA
175,control,53,32,0,0,31,2,12,31,subsequent,m,1
176,control,55,31.9,0,0,30,2,10,30,subsequent,NA,NA
177,control,61,25.7,0,0,30,2,12,30,subsequent,m,1
178,control,63,32.6,0,0,30,2,10,30,subsequent,NA,NA
179,control,69,32.3,0,0,30,2,10,30,subsequent,f,0
180,control,73,34.1,0,0,30,2,10,30,subsequent,NA,NA
181,control,74,34,0,0,31,2,10,31,subsequent,NA,NA
182,control,81,31.3,0,0,31,2,11,31,subsequent,NA,NA
183,control,85,27.2,0,0,30,2,10,30,subsequent,f,0
184,control,86,32.2,0,0,30,2,10,30,subsequent,NA,NA
185,control,87,33.2,0,0,30,2,10,30,subsequent,NA,NA
186,control,91,33.6,0,0,30,2,10,30,subsequent,m,1
187,nutrition,108,20.9,0,0,30,2,10,30,subsequent,NA,NA
188,nutrition,110,30,0,0,31,2,10,31,subsequent,NA,NA
189,nutrition,111,33.8,0,0,30,2,10,30,subsequent,m,1
191,nutrition,116,28.2,0,0,31,2,10,31,subsequent,m,1
192,nutrition,124,29.5,0,0,31,2,13,31,subsequent,m,1
193,nutrition,126,22.3,0,0,31,1,31,31,first,NA,NA
194,nutrition,127,31.9,0,0,31,2,11,31,subsequent,NA,NA
195,nutrition,128,29.9,0,0,29,2,10,29,subsequent,NA,NA
196,nutrition,132,22.4,0,0,30,2,11,30,subsequent,m,1
197,nutrition,133,26.1,0,0,30,2,10,30,subsequent,NA,NA
198,nutrition,136,26.6,0,0,31,2,10,31,subsequent,f,0
199,nutrition,137,23.9,0,0,31,2,11,31,subsequent,f,0
200,nutrition,140,23.2,0,0,31,2,11,31,subsequent,m,1
201,nutrition,147,31.4,0,0,31,2,10,31,subsequent,f,0
202,nutrition,152,29.7,0,0,31,2,11,31,subsequent,f,0
203,nutrition,158,25,0,0,30,2,12,30,subsequent,m,1
204,nutrition,159,20.1,0,0,29,1,29,29,first,NA,NA
205,nutrition,161,27.1,0,0,29,2,11,29,subsequent,NA,NA
206,nutrition,166,26.9,0,0,30,1,30,30,first,m,1
207,nutrition,169,24.3,0,0,31,2,11,31,subsequent,f,0
208,nutrition,176,24.7,0,0,30,2,10,30,subsequent,m,1
209,nutrition,178,28.6,0,0,31,2,11,31,subsequent,NA,NA
210,nutrition,183,21.8,0,0,31,1,31,31,first,NA,NA
211,nutrition,190,23.5,0,0,31,1,31,31,first,m,1
212,nutrition,191,NA,0,0,30,1,30,30,first,NA,NA
213,nutrition,163,NA,3,1,31,2,9,31,subsequent,NA,NA
214,control,2,31.5,0,0,32,2,10,32,subsequent,m,1
215,control,9,31.7,0,0,32,2,11,32,subsequent,f,0
216,control,11,24.5,0,0,32,2,12,32,subsequent,m,1
217,control,30,35,0,0,32,2,11,32,subsequent,m,1
218,control,44,30.7,0,0,32,2,11,32,subsequent,NA,NA
219,control,45,30.5,0,0,32,2,11,32,subsequent,f,0
220,control,50,37.4,0,0,32,2,10,32,subsequent,f,0
221,control,76,31.8,0,0,32,1,32,32,first,f,0
222,control,88,33.3,0,0,32,2,10,32,subsequent,f,0
223,control,37,NA,3,1,32,1,32,32,first,NA,NA
224,nutrition,98,23.1,0,0,32,2,11,32,subsequent,m,1
225,nutrition,120,25.8,0,0,32,2,12,32,subsequent,f,0
226,nutrition,129,25.5,0,0,32,2,12,32,subsequent,m,1
227,nutrition,141,21.7,0,0,32,2,12,32,subsequent,m,1
228,nutrition,144,22.1,0,0,32,1,32,32,first,NA,NA
229,nutrition,162,23.3,0,0,32,2,11,32,subsequent,NA,NA
230,nutrition,172,28.2,0,0,32,2,11,32,subsequent,NA,NA
231,nutrition,177,28.5,0,0,32,2,12,32,subsequent,m,1
232,nutrition,187,29,0,0,32,2,12,32,subsequent,NA,NA
233,nutrition,143,NA,3,1,32,1,32,32,first,NA,NA
234,nutrition,156,NA,3,1,32,1,32,32,first,NA,NA
237,nutrition,168,NA,0,0,29,1,29,29,first,NA,NA
238,nutrition,102,NA,0,0,30,2,10,30,subsequent,NA,NA
239,nutrition,142,NA,0,0,30,2,11,30,subsequent,NA,NA
240,nutrition,130,NA,3,1,31,2,11,31,subsequent,NA,NA
241,control,1,33.5,0,0,33,2,11,33,subsequent,f,0
242,control,18,34.8,0,0,33,2,10,33,subsequent,NA,NA
243,control,28,32.3,0,0,33,2,10,33,subsequent,NA,NA
244,control,38,28.7,0,0,33,1,33,33,first,m,1
245,control,47,32.6,0,0,33,2,10,33,subsequent,m,1
246,control,48,31.5,0,0,33,2,13,33,subsequent,m,1
247,control,54,30.5,0,0,33,2,12,33,subsequent,m,1
248,control,78,29.5,0,0,33,2,13,33,subsequent,NA,NA
249,nutrition,157,29.3,0,0,33,2,10,33,subsequent,m,1
250,nutrition,188,24.3,0,0,33,2,12,33,subsequent,m,1
252,nutrition,182,NA,3,1,33,2,11,33,subsequent,NA,NA
253,control,8,30.8,0,0,34,2,12,34,subsequent,m,1
254,control,22,32.8,0,0,34,2,11,34,subsequent,NA,NA
255,control,35,28.9,0,0,34,2,12,34,subsequent,f,0
256,control,59,32.5,0,0,34,2,11,34,subsequent,NA,NA
257,control,64,38.8,0,0,34,2,12,34,subsequent,NA,NA
258,control,65,38.8,0,0,34,2,11,34,subsequent,f,0
259,control,70,30.5,0,0,34,1,34,34,first,f,0
260,control,75,31,0,0,34,2,11,34,subsequent,f,0
261,control,79,24.5,0,0,34,2,12,34,subsequent,m,1
262,control,83,32,0,0,34,2,10,34,subsequent,m,1
263,control,93,30.1,0,0,34,2,12,34,subsequent,NA,NA
264,control,4,NA,3,1,34,2,14,34,subsequent,NA,NA
265,control,10,14.5,0,0,34,2,13,34,subsequent,NA,NA
266,control,49,23.2,0,0,34,2,12,34,subsequent,f,0
267,nutrition,97,27.7,0,0,34,1,34,34,first,m,1
268,nutrition,112,23.7,0,0,34,2,13,34,subsequent,NA,NA
269,nutrition,118,24.1,0,0,34,2,10,34,subsequent,NA,NA
270,nutrition,134,18.6,0,0,34,1,34,34,first,f,0
271,nutrition,154,23.9,0,0,34,1,34,34,first,m,1
272,nutrition,145,NA,2,1,34,2,14,34,subsequent,NA,NA
273,nutrition,103,NA,3,1,34,2,13,34,subsequent,NA,NA
276,control,19,30.5,0,0,35,2,13,35,subsequent,m,1
277,control,24,29.9,0,0,35,2,12,35,subsequent,NA,NA
278,control,58,29.6,0,0,35,2,11,35,subsequent,NA,NA
279,control,66,32.3,0,0,35,2,12,35,subsequent,m,1
280,control,71,34.4,0,0,35,2,10,35,subsequent,NA,NA
281,nutrition,115,24.4,0,0,35,2,11,35,subsequent,NA,NA
282,nutrition,131,27.2,0,0,35,2,12,35,subsequent,NA,NA
283,nutrition,139,29.5,0,0,35,2,11,35,subsequent,m,1
284,nutrition,146,24.1,0,0,35,2,11,35,subsequent,f,0
285,nutrition,160,27.8,0,0,35,2,11,35,subsequent,m,1
286,nutrition,175,30,0,0,35,2,14,35,subsequent,NA,NA
287,nutrition,181,22.4,0,0,35,2,15,35,subsequent,m,1
288,nutrition,184,29.5,0,0,35,2,13,35,subsequent,f,0
289,nutrition,119,NA,2,1,35,2,13,35,subsequent,NA,NA
293,control,3,31.7,0,0,38,2,15,38,subsequent,f,0
294,control,13,27.8,0,0,36,2,11,36,subsequent,m,1
295,control,15,33.3,0,0,38,1,38,38,first,NA,NA
296,control,20,28.4,0,0,38,2,14,38,subsequent,NA,NA
297,control,25,35.4,0,0,37,2,10,37,subsequent,f,0
298,control,26,31.1,0,0,38,2,11,38,subsequent,NA,NA
299,control,29,31.1,0,0,36,2,10,36,subsequent,NA,NA
300,control,42,31,0,0,36,2,11,36,subsequent,NA,NA
301,control,57,33.2,0,0,37,2,12,37,subsequent,NA,NA
302,control,60,30.2,0,0,36,2,12,36,subsequent,f,0
303,control,62,30.6,0,0,37,2,12,37,subsequent,m,1
304,control,67,36.7,0,0,38,3,10,38,subsequent,NA,NA
305,control,72,38.5,0,0,38,2,13,38,subsequent,NA,NA
306,control,77,37,0,0,38,3,11,38,subsequent,m,1
307,control,80,28.8,0,0,36,2,11,36,subsequent,m,1
308,control,84,29.6,0,0,38,2,14,38,subsequent,m,1
309,control,90,28.5,0,0,36,2,14,36,subsequent,NA,NA
310,control,95,28.9,0,0,36,1,36,36,first,NA,NA
311,control,96,34.9,0,0,36,2,11,36,subsequent,m,1
312,nutrition,101,26.7,0,0,36,2,12,36,subsequent,f,0
313,nutrition,105,24,0,0,36,2,13,36,subsequent,NA,NA
314,nutrition,113,26.8,0,0,38,3,10,38,subsequent,f,0
315,nutrition,114,28.1,0,0,37,1,37,37,first,f,0
316,nutrition,135,29.8,0,0,38,1,38,38,first,NA,NA
317,nutrition,138,28.9,0,0,37,3,10,37,subsequent,f,0
318,nutrition,145,33.2,0,0,37,3,3,37,subsequent,f,0
319,nutrition,149,22.4,0,0,36,2,12,36,subsequent,f,0
320,nutrition,150,28.3,0,0,37,2,11,37,subsequent,m,1
321,nutrition,151,27,0,0,36,2,13,36,subsequent,NA,NA
322,nutrition,153,31.3,0,0,38,2,10,38,subsequent,NA,NA
323,nutrition,165,26.4,0,0,38,2,13,38,subsequent,m,1
324,nutrition,167,32.7,0,0,38,2,10,38,subsequent,m,1
325,nutrition,180,30.1,0,0,37,2,10,37,subsequent,NA,NA
326,nutrition,186,31.5,0,0,37,2,16,37,subsequent,f,0
327,nutrition,189,NA,2,1,38,2,10,38,subsequent,NA,NA
330,nutrition,121,NA,3,1,38,2,11,38,subsequent,NA,NA
331,nutrition,179,NA,2,1,38,1,38,38,first,NA,NA
332,control,7,32,0,0,39,1,39,39,first,NA,NA
333,control,23,35.1,0,0,39,3,11,39,subsequent,m,1
334,control,94,32,0,0,39,2,11,39,subsequent,NA,NA
335,nutrition,128,31.3,0,0,39,3,10,39,subsequent,NA,NA
336,nutrition,159,30.5,0,0,39,2,10,39,subsequent,NA,NA
337,nutrition,168,27.8,0,0,39,2,10,39,subsequent,NA,NA
338,nutrition,185,25.1,0,0,39,1,39,39,first,m,1
339,nutrition,127,NA,2,1,39,3,8,39,subsequent,NA,NA
345,control,12,36,0,0,40,3,10,40,subsequent,f,0
346,control,21,33.9,0,0,40,3,10,40,subsequent,m,1
347,control,55,35,0,0,40,3,10,40,subsequent,f,0
348,control,61,33.4,0,0,40,3,10,40,subsequent,m,1
349,control,69,34.7,0,0,40,3,10,40,subsequent,f,0
350,control,73,36.1,0,0,40,3,10,40,subsequent,f,0
351,control,85,29.5,0,0,40,3,10,40,subsequent,NA,NA
352,nutrition,108,36.2,0,0,40,3,10,40,subsequent,NA,NA
353,nutrition,111,33.7,0,0,40,3,10,40,subsequent,m,1
354,nutrition,133,30.7,0,0,40,3,10,40,subsequent,NA,NA
355,nutrition,142,36.2,0,0,40,3,10,40,subsequent,f,0
364,control,6,33.2,0,0,41,3,10,41,subsequent,f,0
365,control,16,38.4,0,0,41,3,10,41,subsequent,NA,NA
366,control,27,31.9,0,0,41,3,10,41,subsequent,m,1
367,control,31,35.7,0,0,41,3,10,41,subsequent,m,1
368,control,32,38.4,0,0,41,3,10,41,subsequent,NA,NA
369,control,34,35.2,0,0,41,3,11,41,subsequent,f,0
370,control,36,35.5,0,0,41,3,12,41,subsequent,m,1
371,control,40,35.9,0,0,41,3,10,41,subsequent,m,1
372,control,43,32.3,0,0,41,3,10,41,subsequent,m,1
373,control,46,36.5,0,0,41,3,10,41,subsequent,NA,NA
374,control,63,32.3,0,0,41,3,11,41,subsequent,NA,NA
375,control,74,34.7,0,0,41,3,10,41,subsequent,f,0
376,control,81,33.7,0,0,41,3,10,41,subsequent,f,0
377,control,87,31.8,0,0,41,3,11,41,subsequent,NA,NA
378,control,89,36.1,0,0,41,2,21,41,subsequent,NA,NA
379,control,91,40.5,0,0,41,3,11,41,subsequent,NA,NA
380,nutrition,102,31.3,0,0,41,3,11,41,subsequent,m,1
381,nutrition,124,31.4,0,0,41,3,10,41,subsequent,m,1
382,nutrition,132,30.2,0,0,41,3,11,41,subsequent,NA,NA
383,nutrition,152,33.8,0,0,41,3,10,41,subsequent,NA,NA
384,nutrition,158,32.3,0,0,41,3,11,41,subsequent,NA,NA
385,nutrition,166,27,0,0,41,2,11,41,subsequent,f,0
386,nutrition,176,30.8,0,0,41,3,11,41,subsequent,NA,NA
387,nutrition,174,NA,2,1,41,2,21,41,subsequent,NA,NA
394,control,2,36.5,0,0,42,3,10,42,subsequent,NA,NA
395,control,5,36.6,0,0,42,2,11,42,subsequent,NA,NA
396,control,9,36.8,0,0,42,3,10,42,subsequent,f,0
397,control,11,30.9,0,0,42,3,10,42,subsequent,m,1
398,control,17,32.5,0,0,42,3,11,42,subsequent,NA,NA
399,control,30,36.3,0,0,42,3,10,42,subsequent,NA,NA
400,control,41,32.7,0,0,42,3,11,42,subsequent,m,1
401,control,45,33.2,0,0,42,3,10,42,subsequent,f,0
402,control,52,38.5,0,0,42,3,11,42,subsequent,m,1
403,control,53,37.3,0,0,42,3,11,42,subsequent,m,1
404,control,56,33.3,0,0,42,2,18,42,subsequent,NA,NA
405,control,86,33.4,0,0,42,3,12,42,subsequent,m,1
406,control,88,38.7,0,0,42,3,10,42,subsequent,m,1
407,nutrition,104,26.7,0,0,42,2,23,42,subsequent,NA,NA
408,nutrition,107,27.3,0,0,42,2,22,42,subsequent,f,0
409,nutrition,110,33.2,0,0,42,3,11,42,subsequent,m,1
410,nutrition,116,32.4,0,0,42,3,11,42,subsequent,f,0
411,nutrition,126,31.5,0,0,42,2,11,42,subsequent,f,0
412,nutrition,129,32.4,0,0,42,3,10,42,subsequent,NA,NA
413,nutrition,137,34.2,0,0,42,3,11,42,subsequent,NA,NA
414,nutrition,140,29.2,0,0,42,3,11,42,subsequent,f,0
415,nutrition,178,32.3,0,0,42,3,11,42,subsequent,m,1
416,nutrition,187,30.3,0,0,42,3,10,42,subsequent,f,0
417,nutrition,190,32.5,0,0,42,2,11,42,subsequent,NA,NA
430,control,1,36.1,0,0,44,3,11,44,subsequent,NA,NA
431,control,10,30.6,0,0,44,3,10,44,subsequent,m,1
432,control,18,34.1,0,0,45,3,12,45,subsequent,NA,NA
433,control,22,33.7,0,0,45,3,11,45,subsequent,f,0
434,control,28,33,0,0,45,3,12,45,subsequent,f,0
435,control,35,32.3,0,0,45,3,11,45,subsequent,m,1
436,control,38,35.8,0,0,42,2,9,42,subsequent,NA,NA
437,control,44,29.2,0,0,43,3,11,43,subsequent,NA,NA
438,control,47,32.4,0,0,43,3,10,43,subsequent,m,1
439,control,48,34.8,0,0,45,3,12,45,subsequent,m,1
440,control,49,33.3,0,0,45,3,11,45,subsequent,NA,NA
441,control,50,32.7,0,0,43,3,11,43,subsequent,m,1
442,control,54,31.2,0,0,43,3,10,43,subsequent,m,1
443,control,58,30.1,0,0,45,3,10,45,subsequent,NA,NA
444,control,59,33.2,0,0,45,3,11,45,subsequent,m,1
445,control,64,40.2,0,0,45,3,11,45,subsequent,m,1
446,control,65,36.8,0,0,43,3,9,43,subsequent,NA,NA
447,control,70,33.1,0,0,44,2,10,44,subsequent,NA,NA
448,control,71,35.3,0,0,45,3,10,45,subsequent,NA,NA
449,control,75,31.7,0,0,45,3,11,45,subsequent,f,0
450,control,78,37.2,0,0,44,3,11,44,subsequent,NA,NA
451,control,79,29.1,0,0,45,3,11,45,subsequent,m,1
452,control,83,30.2,0,0,44,3,10,44,subsequent,m,1
453,control,93,34,0,0,45,3,11,45,subsequent,f,0
454,nutrition,97,27.6,0,0,45,2,11,45,subsequent,f,0
455,nutrition,98,27,0,0,44,3,12,44,subsequent,NA,NA
456,nutrition,112,27.2,0,0,45,3,11,45,subsequent,f,0
457,nutrition,115,25.3,0,0,45,3,10,45,subsequent,f,0
458,nutrition,118,31.2,0,0,44,3,10,44,subsequent,NA,NA
459,nutrition,119,35.6,0,0,45,3,10,45,subsequent,f,0
460,nutrition,120,27,0,0,45,3,13,45,subsequent,NA,NA
461,nutrition,134,25.3,0,0,45,2,11,45,subsequent,m,1
462,nutrition,136,26.1,0,0,43,3,12,43,subsequent,NA,NA
463,nutrition,139,35.4,0,0,45,3,10,45,subsequent,NA,NA
464,nutrition,154,29.6,0,0,45,2,11,45,subsequent,f,0
465,nutrition,156,23.7,0,0,43,2,11,43,subsequent,NA,NA
466,nutrition,157,23.4,0,0,43,3,10,43,subsequent,m,1
467,nutrition,169,25.4,0,0,43,3,12,43,subsequent,NA,NA
468,nutrition,170,24.6,0,0,43,1,43,43,first,f,0
469,nutrition,181,29,0,0,45,3,10,45,subsequent,f,0
470,nutrition,184,33.9,0,0,45,3,10,45,subsequent,NA,NA
471,nutrition,130,NA,2,1,45,3,14,45,subsequent,NA,NA
472,nutrition,177,NA,0,0,45,3,13,45,subsequent,NA,NA
473,control,4,NA,0,0,45,3,11,45,subsequent,NA,NA
489,control,13,33.7,0,0,46,3,10,46,subsequent,m,1
490,control,19,35,0,0,46,3,11,46,subsequent,f,0
491,control,33,28.9,0,0,46,1,46,46,first,m,1
492,control,37,27.1,0,0,46,2,14,46,subsequent,m,1
493,control,42,36.9,0,0,46,3,10,46,subsequent,f,0
494,control,51,32.1,0,0,46,1,46,46,first,NA,NA
495,control,80,33.8,0,0,46,3,10,46,subsequent,f,0
496,control,96,35.2,0,0,46,3,10,46,subsequent,NA,NA
497,nutrition,105,30.5,0,0,46,3,10,46,subsequent,NA,NA
498,nutrition,123,31.7,0,0,46,3,18,46,subsequent,NA,NA
499,nutrition,144,27.1,0,0,46,2,14,46,subsequent,NA,NA
500,nutrition,149,32.3,0,0,46,3,10,46,subsequent,NA,NA
501,nutrition,151,29.2,0,0,46,3,10,46,subsequent,NA,NA
502,nutrition,175,28.7,0,0,46,3,11,46,subsequent,f,0
503,nutrition,179,29.5,0,0,46,2,8,46,subsequent,f,0
508,control,25,35,0,0,47,3,10,47,subsequent,f,0
509,control,29,39.3,0,0,47,3,11,47,subsequent,NA,NA
510,control,57,35.8,0,0,47,3,10,47,subsequent,f,0
511,control,60,34.3,0,0,47,3,11,47,subsequent,NA,NA
512,control,62,34.4,0,0,47,3,10,47,subsequent,NA,NA
513,nutrition,101,30.4,0,0,47,3,11,47,subsequent,m,1
514,nutrition,121,31.5,0,0,47,3,9,47,subsequent,m,1
515,nutrition,103,NA,2,1,47,3,13,47,subsequent,NA,NA
520,nutrition,147,NA,2,1,47,3,16,47,subsequent,NA,NA
521,nutrition,186,NA,3,1,47,3,10,47,subsequent,NA,NA
522,control,24,NA,0,0,47,3,12,47,subsequent,NA,NA
523,control,39,32.2,0,0,48,2,28,48,subsequent,NA,NA
524,control,66,32.2,0,0,48,3,13,48,subsequent,f,0
525,control,67,34.5,0,0,48,4,10,48,subsequent,NA,NA
526,control,72,40.7,0,0,48,3,10,48,subsequent,NA,NA
527,control,76,28.7,0,0,48,2,16,48,subsequent,NA,NA
528,control,77,36.7,0,0,48,4,10,48,subsequent,f,0
529,control,84,35.5,0,0,48,3,10,48,subsequent,f,0
530,control,90,32.2,0,0,48,3,12,48,subsequent,NA,NA
531,control,95,34.3,0,0,48,2,12,48,subsequent,f,0
532,nutrition,114,28.5,0,0,48,2,11,48,subsequent,m,1
533,nutrition,131,26.9,0,0,48,3,13,48,subsequent,f,0
534,nutrition,135,26.5,0,0,48,2,10,48,subsequent,NA,NA
535,nutrition,138,29.4,0,0,48,4,11,48,subsequent,f,0
536,nutrition,150,29.3,0,0,48,3,11,48,subsequent,f,0
537,nutrition,167,33.4,0,0,48,3,10,48,subsequent,m,1
538,nutrition,180,28.6,0,0,48,3,11,48,subsequent,m,1
540,control,15,35.5,0,0,49,2,11,49,subsequent,NA,NA
541,control,20,33.3,0,0,49,3,11,49,subsequent,f,0
542,control,23,36.8,0,0,49,4,10,49,subsequent,m,1
543,control,26,33.7,0,0,49,3,11,49,subsequent,NA,NA
544,control,94,35.5,0,0,49,3,10,49,subsequent,m,1
545,nutrition,113,22.6,0,0,49,4,11,49,subsequent,NA,NA
546,nutrition,128,32.2,0,0,49,4,10,49,subsequent,f,0
547,nutrition,153,27.5,0,0,49,3,11,49,subsequent,NA,NA
548,nutrition,159,30.6,0,0,49,3,10,49,subsequent,f,0
549,nutrition,165,26.2,0,0,49,3,11,49,subsequent,m,1
550,nutrition,185,33.3,0,0,49,2,10,49,subsequent,m,1
556,control,2,40.2,0,0,52,4,10,52,subsequent,NA,NA
557,control,6,33.9,0,0,51,4,10,51,subsequent,NA,NA
558,control,7,34.6,0,0,50,2,11,50,subsequent,m,1
559,control,8,36.3,0,0,52,3,18,52,subsequent,f,0
560,control,9,35.7,0,0,52,4,10,52,subsequent,m,1
561,control,11,39.2,0,0,52,4,10,52,subsequent,f,0
562,control,12,35.2,0,0,50,4,10,50,subsequent,f,0
563,control,16,38,0,0,51,4,10,51,subsequent,m,1
564,control,21,36.1,0,0,50,4,10,50,subsequent,f,0
565,control,27,36.7,0,0,52,4,11,52,subsequent,m,1
566,control,31,38.6,0,0,51,4,10,51,subsequent,f,0
567,control,32,41.2,0,0,52,4,11,52,subsequent,m,1
568,control,34,38.5,0,0,52,4,11,52,subsequent,m,1
569,control,36,35.3,0,0,51,4,10,51,subsequent,m,1
570,control,43,37.1,0,0,51,4,10,51,subsequent,m,1
571,control,46,38.3,0,0,51,4,10,51,subsequent,NA,NA
572,control,53,39.7,0,0,52,4,10,52,subsequent,NA,NA
573,control,55,35.6,0,0,51,4,11,51,subsequent,NA,NA
574,control,61,35.6,0,0,51,4,11,51,subsequent,f,0
575,control,63,34.7,0,0,51,4,10,51,subsequent,f,0
576,control,69,33,0,0,50,4,10,50,subsequent,f,0
577,control,73,39,0,0,50,4,10,50,subsequent,NA,NA
578,control,74,37.6,0,0,52,4,11,52,subsequent,NA,NA
579,control,81,39.4,0,0,51,4,10,51,subsequent,f,0
580,control,85,35,0,0,51,4,11,51,subsequent,NA,NA
581,control,87,32.7,0,0,51,4,10,51,subsequent,f,0
582,control,89,38.2,0,0,51,3,10,51,subsequent,NA,NA
583,control,91,40.3,0,0,52,4,11,52,subsequent,NA,NA
584,nutrition,102,33.9,0,0,51,4,10,51,subsequent,f,0
585,nutrition,107,34.2,0,0,52,3,10,52,subsequent,NA,NA
586,nutrition,108,33.7,0,0,50,4,10,50,subsequent,NA,NA
587,nutrition,111,15,0,0,50,4,10,50,subsequent,NA,NA
588,nutrition,124,27.7,0,0,52,4,11,52,subsequent,m,1
589,nutrition,126,30.4,0,0,52,3,10,52,subsequent,NA,NA
590,nutrition,129,33.4,0,0,52,4,10,52,subsequent,f,0
591,nutrition,133,30.4,0,0,50,4,10,50,subsequent,m,1
592,nutrition,137,31.6,0,0,52,4,10,52,subsequent,m,1
593,nutrition,140,24,0,0,52,4,10,52,subsequent,m,1
594,nutrition,141,31,0,0,50,3,18,50,subsequent,f,0
595,nutrition,142,33.8,0,0,50,4,10,50,subsequent,NA,NA
596,nutrition,152,34.9,0,0,51,4,10,51,subsequent,f,0
597,nutrition,158,34.5,0,0,52,4,11,52,subsequent,NA,NA
598,nutrition,162,32.5,0,0,50,3,18,50,subsequent,f,0
599,nutrition,163,35.9,0,0,51,3,20,51,subsequent,m,1
600,nutrition,172,31.5,0,0,51,3,19,51,subsequent,NA,NA
601,nutrition,176,30.9,0,0,51,4,10,51,subsequent,NA,NA
602,nutrition,192,29.6,0,0,52,1,52,52,first,f,0
603,nutrition,157,NA,2,1,52,4,9,52,subsequent,NA,NA
625,nutrition,178,NA,3,1,52,4,10,52,subsequent,NA,NA
626,nutrition,172,NA,0,0,51,4,0,51,subsequent,NA,NA
627,control,5,40.4,0,0,53,3,11,53,subsequent,NA,NA
628,control,17,32.7,0,0,53,4,11,53,subsequent,NA,NA
629,control,30,40.8,0,0,53,4,11,53,subsequent,NA,NA
630,control,41,38.4,0,0,53,4,11,53,subsequent,f,0
631,control,45,37.5,0,0,53,4,11,53,subsequent,m,1
632,control,50,36.5,0,0,53,4,10,53,subsequent,f,0
633,control,54,35.6,0,0,53,4,10,53,subsequent,m,1
634,control,56,34.6,0,0,53,3,11,53,subsequent,f,0
635,control,86,34.7,0,0,53,4,11,53,subsequent,f,0
636,control,88,38.8,0,0,53,4,11,53,subsequent,m,1
637,control,28,NA,2,1,53,4,8,53,subsequent,NA,NA
638,nutrition,103,37.2,0,0,53,4,6,53,subsequent,m,1
639,nutrition,109,28.5,0,0,53,2,32,53,subsequent,NA,NA
640,nutrition,110,33.1,0,0,53,4,11,53,subsequent,NA,NA
641,nutrition,136,26.7,0,0,53,4,10,53,subsequent,NA,NA
642,nutrition,146,30.2,0,0,53,3,18,53,subsequent,f,0
643,nutrition,190,31,0,0,53,3,11,53,subsequent,m,1
644,nutrition,186,NA,2,1,53,4,6,53,subsequent,NA,NA
645,nutrition,162,NA,1,1,53,4,3,53,subsequent,NA,NA
646,nutrition,160,NA,2,1,53,3,18,53,subsequent,NA,NA
647,nutrition,188,NA,3,1,53,3,20,53,subsequent,NA,NA
648,nutrition,191,NA,2,1,53,2,23,53,subsequent,NA,NA
649,nutrition,127,NA,2,1,53,4,14,53,subsequent,NA,NA
658,control,44,35.4,0,0,54,4,11,54,subsequent,f,0
659,control,47,33.2,0,0,54,4,11,54,subsequent,m,1
660,control,70,33.4,0,0,54,3,10,54,subsequent,NA,NA
661,control,83,31.8,0,0,54,4,10,54,subsequent,m,1
662,nutrition,104,21.4,0,0,54,3,12,54,subsequent,m,1
663,nutrition,169,29.2,0,0,54,4,11,54,subsequent,m,1
668,nutrition,119,NA,2,1,54,4,9,54,subsequent,NA,NA
669,control,4,31.9,0,0,55,4,10,55,subsequent,NA,NA
670,control,10,34.7,0,0,55,4,11,55,subsequent,m,1
671,control,22,32,0,0,55,4,10,55,subsequent,f,0
672,control,52,32,0,0,55,4,13,55,subsequent,NA,NA
673,control,65,34.2,0,0,55,4,12,55,subsequent,m,1
674,control,71,34.8,0,0,55,4,10,55,subsequent,m,1
675,control,78,39.5,0,0,55,4,11,55,subsequent,m,1
676,control,79,30.9,0,0,55,4,10,55,subsequent,m,1
677,nutrition,118,28.7,0,0,55,4,11,55,subsequent,NA,NA
678,nutrition,120,31.6,0,0,55,4,10,55,subsequent,f,0
679,nutrition,125,23.4,0,0,55,2,30,55,subsequent,m,1
680,nutrition,156,26.5,0,0,55,3,12,55,subsequent,NA,NA
681,nutrition,149,NA,3,1,55,4,9,55,subsequent,NA,NA
682,nutrition,150,NA,2,1,55,4,7,55,subsequent,NA,NA
683,nutrition,147,NA,2,1,55,4,8,55,subsequent,NA,NA
684,nutrition,163,NA,2,1,55,4,4,55,subsequent,NA,NA
685,nutrition,105,NA,2,1,55,4,9,55,subsequent,NA,NA
686,nutrition,127,NA,1,1,55,5,2,55,subsequent,NA,NA
692,control,1,27.5,0,0,56,4,12,56,subsequent,m,1
693,control,18,38,0,0,56,4,11,56,subsequent,NA,NA
694,control,35,34.8,0,0,56,4,11,56,subsequent,m,1
695,control,38,31.2,0,0,56,3,14,56,subsequent,NA,NA
696,control,42,38,0,0,56,4,10,56,subsequent,m,1
697,control,49,31.8,0,0,56,4,11,56,subsequent,NA,NA
698,control,58,39.1,0,0,56,4,11,56,subsequent,m,1
699,control,59,37.2,0,0,56,4,11,56,subsequent,NA,NA
700,control,64,41.1,0,0,56,4,11,56,subsequent,NA,NA
701,control,75,36.9,0,0,56,4,11,56,subsequent,m,1
702,control,15,NA,2,1,56,3,7,56,subsequent,NA,NA
703,control,93,35.6,0,0,56,4,11,56,subsequent,NA,NA
704,nutrition,112,30.6,0,0,56,4,11,56,subsequent,NA,NA
705,nutrition,115,24,0,0,56,4,11,56,subsequent,NA,NA
706,nutrition,139,38.7,0,0,56,4,11,56,subsequent,m,1
707,nutrition,144,32.9,0,0,56,3,10,56,subsequent,f,0
708,nutrition,154,34.3,0,0,56,3,11,56,subsequent,NA,NA
709,nutrition,170,26.3,0,0,56,2,13,56,subsequent,f,0
710,nutrition,184,32.6,0,0,56,4,11,56,subsequent,NA,NA
717,nutrition,98,NA,3,1,56,4,12,56,subsequent,NA,NA
718,control,96,29.9,0,0,56,4,10,56,subsequent,NA,NA
719,control,13,34.8,0,0,59,4,13,59,subsequent,NA,NA
720,control,19,34.2,0,0,58,4,12,58,subsequent,NA,NA
721,control,20,34.4,0,0,59,4,10,59,subsequent,f,0
722,control,23,39.6,0,0,59,5,10,59,subsequent,NA,NA
723,control,24,36.4,0,0,57,4,10,57,subsequent,m,1
724,control,25,31.8,0,0,58,4,11,58,subsequent,NA,NA
725,control,29,37.7,0,0,58,4,11,58,subsequent,m,1
726,control,51,24.1,0,0,58,2,12,58,subsequent,NA,NA
727,control,57,33.3,0,0,59,4,12,59,subsequent,m,1
728,control,60,36.9,0,0,57,4,10,57,subsequent,f,0
729,control,66,33.7,0,0,59,4,11,59,subsequent,NA,NA
730,control,72,39.5,0,0,59,4,11,59,subsequent,m,1
731,control,76,38,0,0,59,3,11,59,subsequent,NA,NA
732,control,77,38.4,0,0,59,5,11,59,subsequent,NA,NA
733,control,67,35.8,0,0,59,5,11,59,subsequent,NA,NA
734,control,80,34.3,0,0,57,4,11,57,subsequent,m,1
735,control,84,37.1,0,0,59,4,11,59,subsequent,NA,NA
736,control,90,37.4,0,0,59,4,11,59,subsequent,NA,NA
737,control,95,36.2,0,0,58,3,10,58,subsequent,NA,NA
738,control,21,NA,2,1,59,5,9,59,subsequent,NA,NA
739,nutrition,97,29.7,0,0,57,3,12,57,subsequent,m,1
740,nutrition,101,33.5,0,0,58,4,11,58,subsequent,f,0
741,nutrition,114,28.7,0,0,58,3,10,58,subsequent,f,0
742,nutrition,121,22.5,0,0,57,4,10,57,subsequent,NA,NA
743,nutrition,128,27.4,0,0,59,5,10,59,subsequent,f,0
744,nutrition,131,32.2,0,0,59,4,11,59,subsequent,m,1
745,nutrition,151,27.5,0,0,57,4,11,57,subsequent,f,0
746,nutrition,159,34.2,0,0,59,4,10,59,subsequent,NA,NA
747,nutrition,167,31.7,0,0,58,4,10,58,subsequent,NA,NA
748,nutrition,175,32.1,0,0,57,4,11,57,subsequent,NA,NA
749,nutrition,179,28.4,0,0,57,3,11,57,subsequent,m,1
750,nutrition,180,33.9,0,0,59,4,11,59,subsequent,m,1
751,nutrition,191,34.7,0,0,58,3,5,58,subsequent,NA,NA
752,nutrition,134,29.7,0,0,57,3,12,57,subsequent,m,1
753,nutrition,135,26.6,0,0,58,3,10,58,subsequent,f,0
754,nutrition,138,33.7,0,0,59,5,11,59,subsequent,f,0
755,nutrition,142,NA,2,1,59,5,9,59,subsequent,NA,NA
756,nutrition,162,NA,2,1,59,5,6,59,subsequent,NA,NA
757,nutrition,157,NA,1,1,59,5,7,59,subsequent,NA,NA
771,nutrition,120,NA,1,1,59,5,4,59,subsequent,NA,NA
772,nutrition,153,NA,2,1,59,4,10,59,subsequent,NA,NA
773,nutrition,168,NA,2,1,59,3,20,59,subsequent,NA,NA
774,nutrition,188,NA,1,1,59,4,6,59,subsequent,NA,NA
775,nutrition,161,NA,1,1,59,3,30,59,subsequent,NA,NA
776,control,3,NA,0,0,59,3,21,59,subsequent,NA,NA
777,control,48,35.5,0,0,57,4,12,57,subsequent,NA,NA
779,control,26,32.5,0,0,60,4,11,60,subsequent,f,0
780,control,40,38.5,0,0,60,4,19,60,subsequent,m,1
781,control,62,34,0,0,60,4,13,60,subsequent,f,0
782,control,94,37.7,0,0,60,4,11,60,subsequent,NA,NA
783,nutrition,165,30,0,0,60,4,11,60,subsequent,m,1
784,nutrition,166,33.3,0,0,60,3,19,60,subsequent,m,1
788,nutrition,147,NA,2,1,60,5,5,60,subsequent,NA,NA
789,nutrition,158,NA,2,1,60,5,8,60,subsequent,NA,NA
790,nutrition,189,NA,2,1,60,3,22,60,subsequent,NA,NA
796,control,6,32.7,0,0,61,5,10,61,subsequent,f,0
797,control,12,36.1,0,0,61,5,11,61,subsequent,NA,NA
798,control,39,33.8,0,0,61,3,13,61,subsequent,m,1
799,control,46,34.8,0,0,61,5,10,61,subsequent,m,1
800,control,69,36.4,0,0,61,5,11,61,subsequent,m,1
801,control,73,42.9,0,0,61,5,11,61,subsequent,NA,NA
802,control,81,36.6,0,0,61,5,10,61,subsequent,f,0
803,control,87,33.9,0,0,61,5,10,61,subsequent,NA,NA
804,nutrition,133,29.7,0,0,61,5,11,61,subsequent,f,0
805,nutrition,141,31.9,0,0,61,4,11,61,subsequent,f,0
806,nutrition,178,31.1,0,0,61,5,9,61,subsequent,m,1
807,nutrition,143,NA,3,1,61,2,29,61,subsequent,NA,NA
808,nutrition,176,NA,2,1,61,5,10,61,subsequent,NA,NA
818,nutrition,110,NA,2,1,61,5,8,61,subsequent,NA,NA
820,control,31,37.8,0,0,62,5,11,62,subsequent,m,1
821,control,36,38.1,0,0,62,5,11,62,subsequent,f,0
822,control,43,32.8,0,0,62,5,11,62,subsequent,NA,NA
823,control,55,37.3,0,0,62,5,11,62,subsequent,m,1
824,control,63,32.1,0,0,62,5,11,62,subsequent,NA,NA
825,control,85,35.8,0,0,62,5,11,62,subsequent,f,0
826,control,89,37.9,0,0,62,4,11,62,subsequent,f,0
827,nutrition,102,30.6,0,0,62,5,11,62,subsequent,NA,NA
829,control,2,39.2,0,0,63,5,11,63,subsequent,m,1
830,control,7,35.1,0,0,63,3,13,63,subsequent,m,1
831,control,8,37.1,0,0,63,4,11,63,subsequent,f,0
832,control,9,38.7,0,0,63,5,11,63,subsequent,NA,NA
833,control,11,39.1,0,0,63,5,11,63,subsequent,m,1
834,control,16,39.1,0,0,63,5,12,63,subsequent,f,0
835,control,27,37.3,0,0,63,5,11,63,subsequent,m,1
836,control,32,38.3,0,0,63,5,11,63,subsequent,m,1
837,control,34,32.6,0,0,63,5,11,63,subsequent,NA,NA
838,control,53,39.9,0,0,63,5,11,63,subsequent,NA,NA
839,control,56,33.8,0,0,63,4,10,63,subsequent,f,0
840,control,74,38.3,0,0,63,5,11,63,subsequent,f,0
841,control,88,35.8,0,0,63,5,10,63,subsequent,NA,NA
842,control,91,43,0,0,63,5,11,63,subsequent,f,0
843,nutrition,107,36.3,0,0,63,4,11,63,subsequent,f,0
844,nutrition,124,34.8,0,0,63,5,11,63,subsequent,NA,NA
845,nutrition,126,31.5,0,0,63,4,11,63,subsequent,NA,NA
846,nutrition,129,35.8,0,0,63,5,11,63,subsequent,f,0
847,nutrition,136,29.5,0,0,63,5,10,63,subsequent,NA,NA
848,nutrition,137,32.2,0,0,63,5,11,63,subsequent,f,0
849,nutrition,183,29.7,0,0,63,2,32,63,subsequent,f,0
850,nutrition,192,33.3,0,0,63,2,11,63,subsequent,NA,NA
851,nutrition,123,NA,1,1,63,4,17,63,subsequent,NA,NA
863,control,5,37.4,0,0,64,4,11,64,subsequent,m,1
864,control,10,36.4,0,0,66,5,11,66,subsequent,m,1
865,control,17,32.6,0,0,64,5,11,64,subsequent,NA,NA
866,control,22,34.1,0,0,66,5,11,66,subsequent,NA,NA
867,control,28,33.7,0,0,65,5,12,65,subsequent,f,0
868,control,30,34.8,0,0,64,5,11,64,subsequent,m,1
869,control,35,36.9,0,0,66,5,10,66,subsequent,f,0
870,control,41,30.7,0,0,64,5,11,64,subsequent,NA,NA
871,control,44,36.5,0,0,66,5,12,66,subsequent,NA,NA
872,control,45,33.1,0,0,64,5,11,64,subsequent,f,0
873,control,47,36.1,0,0,65,5,11,65,subsequent,m,1
874,control,50,37.3,0,0,64,5,11,64,subsequent,m,1
875,control,52,38.1,0,0,65,5,10,65,subsequent,f,0
876,control,54,36.6,0,0,65,5,12,65,subsequent,m,1
877,control,65,40.4,0,0,65,5,10,65,subsequent,f,0
878,control,70,42.4,0,0,65,4,11,65,subsequent,f,0
879,control,71,37.3,0,0,65,5,10,65,subsequent,NA,NA
880,control,79,34.6,0,0,66,5,11,66,subsequent,m,1
881,control,83,36.3,0,0,65,5,11,65,subsequent,NA,NA
882,control,86,33.8,0,0,64,5,11,64,subsequent,m,1
883,control,61,NA,3,1,66,5,15,66,subsequent,NA,NA
884,nutrition,104,24.6,0,0,66,4,12,66,subsequent,m,1
885,nutrition,109,31.2,0,0,64,3,11,64,subsequent,f,0
886,nutrition,119,33.9,0,0,66,5,12,66,subsequent,NA,NA
887,nutrition,120,35.4,0,0,66,6,7,66,subsequent,m,1
888,nutrition,140,28.9,0,0,65,5,13,65,subsequent,NA,NA
889,nutrition,145,33.4,0,0,66,4,29,66,subsequent,m,1
890,nutrition,146,27.8,0,0,64,4,11,64,subsequent,f,0
891,nutrition,149,35.4,0,0,66,5,11,66,subsequent,m,1
892,nutrition,156,29.9,0,0,66,4,11,66,subsequent,m,1
893,nutrition,161,26.7,0,0,65,4,6,65,subsequent,NA,NA
894,nutrition,190,28.3,0,0,66,4,13,66,subsequent,m,1
895,nutrition,101,NA,2,1,66,5,8,66,subsequent,NA,NA
896,nutrition,186,NA,3,1,66,5,13,66,subsequent,NA,NA
897,nutrition,191,NA,2,1,66,4,8,66,subsequent,NA,NA
898,nutrition,153,NA,3,1,66,5,7,66,subsequent,NA,NA
899,nutrition,103,NA,3,1,66,5,13,66,subsequent,NA,NA
914,nutrition,151,NA,2,1,66,5,9,66,subsequent,NA,NA
915,nutrition,168,NA,2,1,66,4,7,66,subsequent,NA,NA
916,nutrition,169,NA,0,0,66,5,12,66,subsequent,NA,NA
917,control,33,NA,0,0,66,2,20,66,subsequent,NA,NA
918,control,1,34,0,0,67,5,11,67,subsequent,f,0
919,control,18,37.8,0,0,67,5,11,67,subsequent,f,0
920,control,37,29.5,0,0,67,3,21,67,subsequent,NA,NA
921,control,38,32,0,0,67,4,11,67,subsequent,NA,NA
922,control,42,37,0,0,67,5,11,67,subsequent,f,0
923,control,58,38,0,0,67,5,11,67,subsequent,NA,NA
924,control,59,34.2,0,0,67,5,11,67,subsequent,NA,NA
925,control,78,34.8,0,0,67,5,12,67,subsequent,f,0
926,control,93,32.4,0,0,67,5,11,67,subsequent,f,0
927,control,96,40.6,0,0,67,5,11,67,subsequent,NA,NA
928,nutrition,98,35.6,0,0,67,5,11,67,subsequent,NA,NA
929,nutrition,127,36.5,0,0,67,6,12,67,subsequent,NA,NA
930,nutrition,181,27.5,0,0,67,4,22,67,subsequent,NA,NA
931,nutrition,184,32.5,0,0,67,5,11,67,subsequent,NA,NA
932,nutrition,189,23.5,0,0,67,4,7,67,subsequent,NA,NA
933,nutrition,174,NA,3,1,67,3,26,67,subsequent,NA,NA
934,nutrition,163,NA,2,1,67,5,12,67,subsequent,NA,NA
935,nutrition,108,NA,2,1,67,5,17,67,subsequent,NA,NA
936,nutrition,115,NA,0,0,67,5,11,67,subsequent,NA,NA
942,control,24,35.7,0,0,68,5,11,68,subsequent,NA,NA
943,control,15,33.3,0,0,68,4,12,68,subsequent,NA,NA
944,control,49,33.9,0,0,68,5,12,68,subsequent,NA,NA
945,control,80,37.3,0,0,68,5,11,68,subsequent,m,1
946,nutrition,112,22,0,0,68,5,12,68,subsequent,NA,NA
947,nutrition,154,26,0,0,68,4,12,68,subsequent,f,0
948,nutrition,170,26.6,0,0,68,3,12,68,subsequent,NA,NA
949,nutrition,150,NA,3,1,68,5,13,68,subsequent,NA,NA
957,control,4,29.6,0,0,69,5,14,69,subsequent,f,0
958,control,19,29.7,0,0,69,5,11,69,subsequent,m,1
959,control,23,34.3,0,0,69,6,10,69,subsequent,m,1
960,control,64,34.2,0,0,69,5,13,69,subsequent,NA,NA
961,control,75,31,0,0,69,5,13,69,subsequent,m,1
962,control,95,35.9,0,0,69,4,11,69,subsequent,m,1
963,control,25,40,0,0,69,5,11,69,subsequent,f,0
964,nutrition,121,32.3,0,0,69,5,12,69,subsequent,NA,NA
965,nutrition,125,23.6,0,0,69,3,14,69,subsequent,f,0
966,nutrition,135,24.5,0,0,69,4,11,69,subsequent,NA,NA
967,nutrition,142,35.6,0,0,69,6,10,69,subsequent,NA,NA
968,nutrition,144,30,0,0,69,4,13,69,subsequent,NA,NA
969,nutrition,159,32.4,0,0,69,5,10,69,subsequent,NA,NA
970,nutrition,175,25.2,0,0,69,5,12,69,subsequent,NA,NA
971,nutrition,179,27.9,0,0,69,4,12,69,subsequent,NA,NA
972,nutrition,180,31.1,0,0,69,5,10,69,subsequent,f,0
973,nutrition,157,NA,2,1,69,6,10,69,subsequent,NA,NA
981,control,3,34.6,0,0,70,4,11,70,subsequent,m,1
982,control,13,37.4,0,0,70,5,11,70,subsequent,NA,NA
983,control,21,35.5,0,0,70,6,11,70,subsequent,f,0
984,control,26,32.1,0,0,70,5,10,70,subsequent,NA,NA
985,control,48,34.3,0,0,70,5,13,70,subsequent,f,0
986,control,40,35.4,0,0,70,5,10,70,subsequent,NA,NA
987,control,60,30.8,0,0,70,5,13,70,subsequent,f,0
988,control,66,32.4,0,0,70,5,11,70,subsequent,f,0
989,control,72,43.2,0,0,70,5,11,70,subsequent,m,1
990,control,94,31.9,0,0,70,5,10,70,subsequent,m,1
991,control,20,NA,3,1,70,5,11,70,subsequent,NA,NA
992,nutrition,97,22,0,0,70,4,13,70,subsequent,m,1
993,nutrition,114,24.4,0,0,70,4,12,70,subsequent,m,1
994,nutrition,138,26.5,0,0,70,6,11,70,subsequent,m,1
995,nutrition,139,30,0,0,70,5,14,70,subsequent,f,0
996,nutrition,146,36.5,0,0,70,5,6,70,subsequent,NA,NA
997,nutrition,159,NA,3,1,70,6,1,70,subsequent,NA,NA
998,nutrition,137,NA,2,1,70,6,7,70,subsequent,NA,NA
1004,nutrition,152,NA,2,1,70,5,19,70,subsequent,NA,NA
1005,nutrition,172,NA,3,1,70,5,19,70,subsequent,NA,NA
1006,nutrition,102,NA,3,1,70,6,8,70,subsequent,NA,NA
1007,control,2,40.5,0,0,73,6,10,73,subsequent,NA,NA
1008,control,6,34.9,0,0,72,6,11,72,subsequent,m,1
1009,control,8,33.9,0,0,73,5,10,73,subsequent,NA,NA
1010,control,11,35.9,0,0,73,6,10,73,subsequent,f,0
1011,control,12,35.7,0,0,71,6,10,71,subsequent,NA,NA
1012,control,16,38.2,0,0,73,6,10,73,subsequent,NA,NA
1013,control,27,36.2,0,0,73,6,10,73,subsequent,NA,NA
1014,control,31,37.2,0,0,72,6,10,72,subsequent,f,0
1015,control,43,34.2,0,0,73,6,11,73,subsequent,f,0
1016,control,46,35.4,0,0,71,6,10,71,subsequent,f,0
1017,control,53,38.6,0,0,73,6,10,73,subsequent,NA,NA
1018,control,57,36.1,0,0,71,5,12,71,subsequent,m,1
1019,control,69,36.5,0,0,71,6,10,71,subsequent,f,0
1020,control,73,40.7,0,0,71,6,10,71,subsequent,f,0
1021,control,76,28.7,0,0,71,4,12,71,subsequent,NA,NA
1022,control,84,30.5,0,0,71,5,12,71,subsequent,m,1
1023,control,85,32.5,0,0,72,6,10,72,subsequent,NA,NA
1024,control,87,33.7,0,0,71,6,10,71,subsequent,f,0
1025,control,89,36.5,0,0,72,5,10,72,subsequent,NA,NA
1026,control,90,31.2,0,0,72,5,13,72,subsequent,NA,NA
1027,control,91,38.8,0,0,73,6,10,73,subsequent,m,1
1028,control,47,NA,2,1,73,6,8,73,subsequent,NA,NA
1029,control,36,36.8,0,0,72,6,10,72,subsequent,f,0
1030,nutrition,110,28.8,0,0,72,6,11,72,subsequent,NA,NA
1031,nutrition,116,25,0,0,71,4,29,71,subsequent,NA,NA
1032,nutrition,126,32.9,0,0,73,5,10,73,subsequent,f,0
1033,nutrition,129,33.4,0,0,73,6,10,73,subsequent,m,1
1034,nutrition,131,31,0,0,72,5,13,72,subsequent,f,0
1035,nutrition,133,23.3,0,0,71,6,10,71,subsequent,NA,NA
1036,nutrition,134,22.7,0,0,71,4,14,71,subsequent,m,1
1037,nutrition,166,26.3,0,0,71,4,11,71,subsequent,NA,NA
1038,nutrition,185,19.3,0,0,71,3,22,71,subsequent,NA,NA
1039,nutrition,188,23,0,0,71,5,12,71,subsequent,f,0
1040,nutrition,192,34.5,0,0,73,3,10,73,subsequent,m,1
1041,nutrition,136,30.5,0,0,73,6,10,73,subsequent,NA,NA
1059,nutrition,105,NA,2,1,73,5,18,73,subsequent,NA,NA
1060,nutrition,107,NA,2,1,73,5,10,73,subsequent,NA,NA
1061,nutrition,160,NA,2,1,73,4,20,73,subsequent,NA,NA
1062,control,55,NA,0,0,73,6,11,73,subsequent,NA,NA
1063,control,67,NA,0,0,71,6,12,71,subsequent,NA,NA
1064,control,7,32.5,0,0,74,4,11,74,subsequent,f,0
1065,control,32,41.2,0,0,74,6,11,74,subsequent,m,1
1066,control,50,33.3,0,0,74,6,10,74,subsequent,f,0
1067,control,56,34.6,0,0,74,5,11,74,subsequent,f,0
1068,control,62,30.9,0,0,74,5,14,74,subsequent,m,1
1069,control,63,34.9,0,0,74,6,12,74,subsequent,NA,NA
1070,control,74,35.3,0,0,74,6,11,74,subsequent,f,0
1071,control,77,33.9,0,0,74,6,15,74,subsequent,f,0
1072,control,88,31.1,0,0,74,6,11,74,subsequent,NA,NA
1073,control,86,NA,2,1,74,6,10,74,subsequent,NA,NA
1074,control,33,NA,2,1,74,3,8,74,subsequent,NA,NA
1075,control,35,NA,2,1,74,6,8,74,subsequent,NA,NA
1076,nutrition,109,27.7,0,0,74,4,10,74,subsequent,NA,NA
1077,nutrition,156,NA,2,1,74,5,8,74,subsequent,NA,NA
1078,nutrition,145,NA,2,1,74,5,8,74,subsequent,NA,NA
1079,nutrition,183,NA,2,1,74,3,11,74,subsequent,NA,NA
1080,nutrition,149,NA,2,1,74,6,8,74,subsequent,NA,NA
1081,nutrition,186,NA,2,1,74,6,8,74,subsequent,NA,NA
1082,nutrition,123,NA,2,1,74,5,11,74,subsequent,NA,NA
1088,control,5,41.2,0,0,75,5,11,75,subsequent,m,1
1089,control,30,40.1,0,0,75,6,11,75,subsequent,m,1
1090,control,54,37.6,0,0,75,6,10,75,subsequent,m,1
1091,control,65,38.3,0,0,75,6,10,75,subsequent,NA,NA
1092,control,70,39.7,0,0,75,5,10,75,subsequent,f,0
1093,control,83,34.5,0,0,75,6,10,75,subsequent,f,0
1094,nutrition,169,28,0,0,75,6,9,75,subsequent,NA,NA
1101,nutrition,167,NA,2,1,75,5,17,75,subsequent,NA,NA
1102,nutrition,165,NA,2,1,75,5,15,75,subsequent,NA,NA
1104,control,52,34.7,0,0,76,6,11,76,subsequent,m,1
1105,control,71,34.7,0,0,76,6,11,76,subsequent,NA,NA
1106,control,79,NA,3,1,76,6,10,76,subsequent,NA,NA
1107,control,37,NA,1,1,76,4,9,76,subsequent,NA,NA
1108,control,24,NA,1,1,76,6,8,76,subsequent,NA,NA
1109,nutrition,103,33.3,0,0,76,6,10,76,subsequent,NA,NA
1110,nutrition,185,NA,2,1,76,4,5,76,subsequent,NA,NA
1111,nutrition,98,NA,1,1,76,6,9,76,subsequent,NA,NA
1112,nutrition,127,NA,3,1,76,7,9,76,subsequent,NA,NA
1116,control,10,36.1,0,0,77,6,11,77,subsequent,NA,NA
1117,control,22,NA,0,0,77,6,11,77,subsequent,NA,NA
1118,control,42,38.4,0,0,77,6,10,77,subsequent,NA,NA
1119,control,59,36.8,0,0,77,6,10,77,subsequent,NA,NA
1120,control,96,38.4,0,0,77,6,10,77,subsequent,NA,NA
1121,nutrition,120,34.4,0,0,77,7,11,77,subsequent,m,1
1122,nutrition,168,23.5,0,0,77,5,11,77,subsequent,NA,NA
1123,nutrition,190,37.8,0,0,77,5,11,77,subsequent,m,1
1124,nutrition,180,NA,2,1,77,6,8,77,subsequent,NA,NA
1130,nutrition,141,NA,2,1,77,5,16,77,subsequent,NA,NA
1131,control,15,NA,2,1,77,5,9,77,subsequent,NA,NA
1132,control,1,33,0,0,78,6,11,78,subsequent,f,0
1133,control,18,35,0,0,78,6,11,78,subsequent,f,0
1134,control,19,35.7,0,0,80,6,11,80,subsequent,NA,NA
1135,control,20,31.7,0,0,80,6,10,80,subsequent,m,1
1136,control,39,35.6,0,0,80,4,19,80,subsequent,m,1
1137,control,40,38.8,0,0,80,6,10,80,subsequent,m,1
1138,control,44,39.7,0,0,79,6,13,79,subsequent,m,1
1139,control,58,35.3,0,0,78,6,11,78,subsequent,f,0
1140,control,60,38.3,0,0,80,6,10,80,subsequent,f,0
1141,control,95,35.4,0,0,80,5,11,80,subsequent,m,1
1142,control,64,34.1,0,0,79,6,10,79,subsequent,f,0
1143,control,75,33.8,0,0,79,6,10,79,subsequent,f,0
1144,control,78,33.4,0,0,78,6,11,78,subsequent,f,0
1145,control,80,36,0,0,79,6,11,79,subsequent,NA,NA
1146,control,93,21.1,0,0,79,6,12,79,subsequent,m,1
1147,control,94,35.8,0,0,80,6,10,80,subsequent,f,0
1148,control,61,31.6,0,0,80,6,14,80,subsequent,f,0
1149,control,23,35,0,0,79,7,10,79,subsequent,f,0
1150,control,73,NA,2,1,80,7,9,80,subsequent,NA,NA
1151,nutrition,112,30.8,0,0,78,6,10,78,subsequent,m,1
1152,nutrition,125,32.3,0,0,79,4,10,79,subsequent,f,0
1153,nutrition,128,28,0,0,79,6,20,79,subsequent,f,0
1154,nutrition,154,33.1,0,0,78,5,10,78,subsequent,m,1
1155,nutrition,170,23.5,0,0,78,4,10,78,subsequent,m,1
1156,nutrition,179,27.3,0,0,79,5,10,79,subsequent,m,1
1157,nutrition,181,21.5,0,0,78,5,11,78,subsequent,NA,NA
1158,nutrition,147,NA,3,1,80,6,20,80,subsequent,NA,NA
1159,nutrition,139,NA,2,1,80,6,10,80,subsequent,NA,NA
1160,nutrition,142,NA,3,1,80,7,11,80,subsequent,NA,NA
1161,nutrition,132,NA,2,1,50,4,9,50,subsequent,NA,NA
1162,nutrition,104,NA,3,1,80,5,14,80,subsequent,NA,NA
1177,control,66,35.6,0,0,80,6,10,80,subsequent,f,0
1179,nutrition,188,NA,2,1,80,6,9,80,subsequent,NA,NA
1180,control,69,NA,2,1,80,7,9,80,subsequent,NA,NA
1181,control,31,NA,2,1,80,7,8,80,subsequent,NA,NA
1182,control,12,35.4,0,0,81,7,10,81,subsequent,NA,NA
1183,control,13,36.1,0,0,81,6,11,81,subsequent,m,1
1184,control,26,34.3,0,0,81,6,11,81,subsequent,NA,NA
1185,control,46,35,0,0,81,7,10,81,subsequent,NA,NA
1186,control,48,36.5,0,0,81,6,11,81,subsequent,NA,NA
1187,control,57,38.1,0,0,81,6,10,81,subsequent,f,0
1188,control,67,36.2,0,0,81,7,10,81,subsequent,NA,NA
1189,control,72,38.3,0,0,81,6,11,81,subsequent,f,0
1190,control,84,35.1,0,0,81,6,10,81,subsequent,NA,NA
1191,control,87,32.9,0,0,81,7,10,81,subsequent,f,0
1192,control,95,35.4,0,0,81,6,1,81,subsequent,f,0
1193,control,33,NA,1,1,81,4,7,81,subsequent,NA,NA
1194,control,9,NA,3,1,81,6,18,81,subsequent,NA,NA
1195,control,45,NA,2,1,81,6,17,81,subsequent,NA,NA
1196,nutrition,107,28.4,0,0,81,6,8,81,subsequent,m,1
1197,nutrition,114,31.7,0,0,81,5,11,81,subsequent,NA,NA
1198,nutrition,124,31.4,0,0,81,6,18,81,subsequent,f,0
1199,nutrition,137,25.9,0,0,81,7,11,81,subsequent,f,0
1200,nutrition,138,24.8,0,0,81,7,11,81,subsequent,m,1
1201,nutrition,175,27.2,0,0,81,6,12,81,subsequent,m,1
1202,nutrition,144,NA,3,1,81,5,12,81,subsequent,NA,NA
1203,nutrition,183,NA,1,1,81,4,7,81,subsequent,NA,NA
1204,nutrition,152,NA,2,1,81,6,11,81,subsequent,NA,NA
1214,control,4,33.7,0,0,82,6,13,82,subsequent,f,0
1215,nutrition,131,27.7,0,0,82,6,10,82,subsequent,f,0
1216,nutrition,185,27,0,0,82,5,6,82,subsequent,f,0
1218,control,2,38,0,0,83,7,10,83,subsequent,NA,NA
1219,control,6,28.7,0,0,83,7,11,83,subsequent,m,1
1220,control,8,34.3,0,0,83,6,10,83,subsequent,f,0
1221,control,16,33.8,0,0,83,7,10,83,subsequent,f,0
1222,control,17,32.7,0,0,83,6,19,83,subsequent,f,0
1223,control,27,31.3,0,0,83,7,10,83,subsequent,NA,NA
1224,control,43,34.9,0,0,83,7,10,83,subsequent,f,0
1225,control,55,33.9,0,0,83,7,10,83,subsequent,f,0
1226,control,81,30.7,0,0,83,6,22,83,subsequent,f,0
1227,control,89,33.4,0,0,83,6,11,83,subsequent,m,1
1228,control,91,40.8,0,0,83,7,10,83,subsequent,NA,NA
1229,control,36,34.3,0,0,83,7,11,83,subsequent,NA,NA
1230,nutrition,126,31.3,0,0,83,6,10,83,subsequent,f,0
1231,nutrition,129,30.8,0,0,83,7,10,83,subsequent,m,1
1232,nutrition,134,20.7,0,0,83,5,12,83,subsequent,NA,NA
1233,nutrition,166,26.4,0,0,83,5,12,83,subsequent,NA,NA
1234,nutrition,97,NA,1,1,83,5,13,83,subsequent,NA,NA
1235,nutrition,145,NA,2,1,83,6,9,83,subsequent,NA,NA
1236,nutrition,160,NA,1,1,83,5,10,83,subsequent,NA,NA
1247,control,41,27.3,0,0,84,6,20,84,subsequent,NA,NA
1248,control,86,30.8,0,0,84,7,10,84,subsequent,NA,NA
1249,control,90,33.6,0,0,84,6,12,84,subsequent,f,0
1250,control,22,NA,1,1,84,7,7,84,subsequent,NA,NA
1251,nutrition,109,32.9,0,0,84,5,10,84,subsequent,NA,NA
1252,nutrition,110,26.9,0,0,84,7,12,84,subsequent,NA,NA
1253,nutrition,140,28.2,0,0,84,6,19,84,subsequent,f,0
1254,nutrition,153,30.3,0,0,84,6,18,84,subsequent,NA,NA
1261,nutrition,115,NA,1,1,84,6,17,84,subsequent,NA,NA
1262,nutrition,192,NA,3,1,84,4,11,84,subsequent,NA,NA
1263,control,30,36.1,0,0,86,7,11,86,subsequent,NA,NA
1264,control,37,27,0,0,87,5,11,87,subsequent,NA,NA
1265,control,51,27,0,0,87,3,29,87,subsequent,NA,NA
1266,control,52,35.4,0,0,86,7,10,86,subsequent,f,0
1267,control,54,34.4,0,0,86,7,11,86,subsequent,f,0
1268,control,59,34.4,0,0,87,7,10,87,subsequent,NA,NA
1269,control,65,36.3,0,0,85,7,10,85,subsequent,NA,NA
1270,control,71,37.1,0,0,86,7,10,86,subsequent,m,1
1271,control,74,32.5,0,0,85,7,11,85,subsequent,m,1
1272,control,83,33.6,0,0,85,7,10,85,subsequent,f,0
1273,control,25,NA,2,1,87,6,18,87,subsequent,NA,NA
1277,control,88,NA,3,1,87,7,13,87,subsequent,NA,NA
1284,control,77,NA,0,0,85,7,11,85,subsequent,NA,NA
1285,nutrition,108,33,0,0,87,6,20,87,subsequent,NA,NA
1286,nutrition,149,31.7,0,0,85,7,11,85,subsequent,NA,NA
1287,nutrition,172,33,0,0,87,6,17,87,subsequent,f,0
1288,nutrition,190,33.1,0,0,87,6,10,87,subsequent,m,1
1289,control,24,28,0,0,88,7,12,88,subsequent,m,1
1290,control,15,34.1,0,0,88,6,11,88,subsequent,m,1
1291,control,23,39.8,0,0,88,8,9,88,subsequent,f,0
1292,control,42,38,0,0,88,7,11,88,subsequent,m,1
1293,control,58,39.2,0,0,88,7,10,88,subsequent,m,1
1294,control,96,34.9,0,0,88,7,11,88,subsequent,m,1
1295,control,12,NA,1,1,88,8,7,88,subsequent,NA,NA
1296,nutrition,113,28.9,0,0,58,5,9,58,subsequent,NA,NA
1297,nutrition,152,32.6,0,0,88,7,7,88,subsequent,m,1
1298,nutrition,163,29.1,0,0,88,6,21,88,subsequent,NA,NA
1299,nutrition,97,NA,2,1,88,6,5,88,subsequent,NA,NA
1300,nutrition,141,NA,2,1,88,6,11,88,subsequent,NA,NA
1301,nutrition,159,NA,2,1,88,7,18,88,subsequent,NA,NA
1302,nutrition,169,NA,3,1,88,7,13,88,subsequent,NA,NA
1303,nutrition,178,NA,2,1,88,6,27,88,subsequent,NA,NA
1308,control,10,NA,3,1,89,7,12,89,subsequent,NA,NA
1309,nutrition,159,29.1,0,0,89,8,1,89,subsequent,m,1
1310,nutrition,120,NA,3,1,89,8,12,89,subsequent,NA,NA
1311,nutrition,131,NA,2,1,89,7,7,89,subsequent,NA,NA
1315,nutrition,138,NA,2,1,89,8,8,89,subsequent,NA,NA
1316,nutrition,158,NA,2,1,89,6,29,89,subsequent,NA,NA
1317,nutrition,172,NA,2,1,89,7,2,89,subsequent,NA,NA
1318,nutrition,107,NA,2,1,89,7,8,89,subsequent,NA,NA
1319,nutrition,168,NA,2,1,89,6,12,89,subsequent,NA,NA
1320,nutrition,191,NA,2,1,89,5,23,89,subsequent,NA,NA
1324,control,75,NA,2,1,89,7,10,89,subsequent,NA,NA
1325,control,64,NA,2,1,89,7,10,89,subsequent,NA,NA
1326,control,26,NA,1,1,89,7,8,89,subsequent,NA,NA
1327,control,11,NA,2,1,89,7,16,89,subsequent,NA,NA
1328,control,70,NA,0,0,84,6,9,84,subsequent,NA,NA
1329,control,1,27.3,0,0,90,7,12,90,subsequent,f,0
1330,control,40,NA,0,0,90,7,10,90,subsequent,NA,NA
1331,control,49,28.6,0,0,90,6,22,90,subsequent,m,1
1332,control,78,NA,0,0,90,7,12,90,subsequent,NA,NA
1333,control,93,31.1,0,0,90,7,11,90,subsequent,m,1
1334,control,56,NA,2,1,90,6,16,90,subsequent,NA,NA
1335,control,72,NA,2,1,90,7,9,90,subsequent,NA,NA
1336,control,62,NA,0,0,90,6,16,90,subsequent,NA,NA
1337,control,28,NA,2,1,90,6,25,90,subsequent,NA,NA
1338,control,20,NA,3,1,90,7,10,90,subsequent,NA,NA
1339,nutrition,154,NA,0,0,90,6,12,90,subsequent,NA,NA
1340,nutrition,170,18.2,0,0,90,5,12,90,subsequent,m,1
1341,nutrition,181,24.4,0,0,90,6,12,90,subsequent,NA,NA
1345,control,3,29.9,0,0,91,5,21,91,subsequent,m,1
1346,control,31,35.1,0,0,91,8,11,91,subsequent,m,1
1347,control,39,33.3,0,0,91,5,11,91,subsequent,f,0
1348,control,46,37.4,0,0,91,8,10,91,subsequent,f,0
1349,control,87,34.1,0,0,91,8,10,91,subsequent,f,0
1350,control,94,36.2,0,0,91,7,11,91,subsequent,m,1
1351,control,3,NA,2,1,91,6,0,91,subsequent,NA,NA
1352,control,63,32,0,0,91,7,17,91,subsequent,NA,NA
1353,control,71,39.8,0,0,91,8,5,91,subsequent,m,1
1354,nutrition,98,27.3,0,0,91,7,15,91,subsequent,NA,NA
1355,nutrition,165,26.9,0,0,91,6,16,91,subsequent,f,0
1356,nutrition,188,NA,1,1,91,7,11,91,subsequent,NA,NA
1363,control,80,NA,1,1,91,7,12,91,subsequent,NA,NA
1364,control,69,33,0,0,91,8,11,91,subsequent,f,0
1365,control,29,NA,2,1,91,5,33,91,subsequent,NA,NA
1366,control,2,NA,2,1,91,8,8,91,subsequent,NA,NA
1367,control,8,31.5,0,0,94,7,11,94,subsequent,m,1
1368,control,11,36,0,0,93,8,4,93,subsequent,NA,NA
1369,control,13,33.6,0,0,92,7,11,92,subsequent,m,1
1370,control,17,31.8,0,0,94,7,11,94,subsequent,f,0
1371,control,43,32.2,0,0,94,8,11,94,subsequent,m,1
1372,control,55,37.4,0,0,93,8,10,93,subsequent,f,0
1373,control,60,30.2,0,0,94,7,14,94,subsequent,NA,NA
1374,control,67,28.8,0,0,92,8,11,92,subsequent,NA,NA
1375,control,89,36.7,0,0,94,7,11,94,subsequent,m,1
1376,control,91,37.9,0,0,93,8,10,93,subsequent,f,0
1377,control,95,31.1,0,0,92,7,11,92,subsequent,NA,NA
1378,control,30,NA,2,1,94,8,8,94,subsequent,NA,NA
1379,control,65,NA,1,1,94,8,9,94,subsequent,NA,NA
1380,control,74,NA,1,1,94,8,9,94,subsequent,NA,NA
1382,control,56,31.3,0,0,93,7,3,93,subsequent,NA,NA
1383,control,7,25.3,0,0,93,5,19,93,subsequent,NA,NA
1384,nutrition,109,22.9,0,0,94,6,10,94,subsequent,NA,NA
1385,nutrition,114,28.4,0,0,92,6,11,92,subsequent,m,1
1386,nutrition,126,33.6,0,0,93,7,10,93,subsequent,NA,NA
1387,nutrition,136,25,0,0,94,7,21,94,subsequent,NA,NA
1388,nutrition,183,27.8,0,0,93,5,12,93,subsequent,f,0
1389,nutrition,167,NA,2,1,94,6,19,94,subsequent,NA,NA
1390,nutrition,129,NA,2,1,94,8,11,94,subsequent,NA,NA
1391,nutrition,125,NA,1,1,94,5,15,94,subsequent,NA,NA
1407,nutrition,156,NA,1,1,94,6,20,94,subsequent,NA,NA
1408,control,4,NA,2,1,94,7,12,94,subsequent,NA,NA
1409,control,6,NA,2,1,94,8,11,94,subsequent,NA,NA
1410,control,32,37.8,0,0,95,7,21,95,subsequent,NA,NA
1411,control,62,NA,1,1,95,7,5,95,subsequent,NA,NA
1412,control,24,NA,2,1,95,8,7,95,subsequent,NA,NA
1413,control,44,NA,2,1,95,7,16,95,subsequent,NA,NA
1414,control,70,NA,2,1,95,7,11,95,subsequent,NA,NA
1415,nutrition,110,25.8,0,0,95,8,11,95,subsequent,f,0
1416,nutrition,145,NA,2,1,95,7,12,95,subsequent,NA,NA
1417,control,86,NA,3,1,95,8,11,95,subsequent,NA,NA
1418,nutrition,149,NA,2,1,95,8,10,95,subsequent,NA,NA
1424,control,48,36.8,0,0,96,7,15,96,subsequent,m,1
1425,control,52,36.5,0,0,96,8,10,96,subsequent,m,1
1426,control,57,NA,3,1,96,7,15,96,subsequent,NA,NA
1427,control,22,NA,2,1,96,8,12,96,subsequent,NA,NA
1428,nutrition,153,26,0,0,96,7,12,96,subsequent,m,1
1429,nutrition,184,31.2,0,0,96,6,29,96,subsequent,m,1
1430,nutrition,189,NA,2,1,96,5,29,96,subsequent,NA,NA
1434,nutrition,140,NA,1,1,96,7,12,96,subsequent,NA,NA
1435,nutrition,141,NA,1,1,96,7,8,96,subsequent,NA,NA
1436,nutrition,128,NA,3,1,96,7,17,96,subsequent,NA,NA
1437,nutrition,179,NA,1,1,96,6,17,96,subsequent,NA,NA
1438,control,16,NA,2,1,96,8,13,96,subsequent,NA,NA
1439,control,42,NA,1,1,96,8,8,96,subsequent,NA,NA
1440,control,59,32.3,0,0,97,8,10,97,subsequent,NA,NA
1441,control,28,NA,2,1,97,7,7,97,subsequent,NA,NA
1442,control,83,NA,2,1,97,8,12,97,subsequent,NA,NA
1443,control,81,NA,3,1,97,7,14,97,subsequent,NA,NA
1444,control,54,NA,2,1,97,8,11,97,subsequent,NA,NA
1445,nutrition,134,20.3,0,0,97,6,14,97,subsequent,f,0
1446,nutrition,120,NA,3,1,97,9,8,97,subsequent,NA,NA
1447,nutrition,112,NA,2,1,97,7,19,97,subsequent,NA,NA
1450,control,58,35.6,0,0,98,8,10,98,subsequent,NA,NA
1451,control,88,28.3,0,0,98,8,11,98,subsequent,f,0
1452,control,77,NA,0,0,98,8,13,98,subsequent,NA,NA
1453,nutrition,112,22.2,0,0,98,8,1,98,subsequent,NA,NA
1454,nutrition,158,33.3,0,0,98,7,9,98,subsequent,m,1
1455,nutrition,190,35,0,0,98,7,11,98,subsequent,NA,NA
1456,nutrition,175,NA,2,1,98,7,17,98,subsequent,NA,NA
